[{"model": "main.parameters", "pk": 1, "fields": {"contact_email": "JohnSmith@abc.edu", "experiment_time_zone": "US/Pacific", "site_url": "http://localhost:8000", "invitation_text": "<p>Welcome text here.</p>", "invitation_subject": "Welcome", "default_parameter_set": 2, "timestamp": "2025-04-25T22:30:33.910Z", "updated": "2025-04-25T22:42:19.618Z"}}, {"model": "main.profile", "pk": 1, "fields": {"can_edit_instructions": false, "mfa_hash": null, "mfa_required": false, "mfa_setup_complete": false, "timestamp": "2025-04-25T22:30:33.445Z", "updated": "2025-04-25T22:30:33.445Z"}}, {"model": "main.profileloginattempt", "pk": 1, "fields": {"profile": 1, "success": true, "note": null, "timestamp": "2025-04-25T22:30:50.269Z", "updated": "2025-04-25T22:30:50.269Z"}}, {"model": "main.instructionset", "pk": 1, "fields": {"label": "One", "action_page_1": 1, "action_page_2": 2, "action_page_3": 3, "action_page_4": 4, "action_page_5": 5, "action_page_6": 6, "timestamp": "2025-04-25T22:26:35.848Z", "updated": "2025-04-25T22:26:52.533Z"}}, {"model": "main.instruction", "pk": 1, "fields": {"instruction_set": 1, "text_html": "Text here", "page_number": 1, "timestamp": "2025-04-25T22:43:01.677Z", "updated": "2025-04-25T22:43:01.677Z"}}, {"model": "main.parameterset", "pk": 1, "fields": {"period_count": 40, "period_length": 90, "break_frequency": 5, "break_length": 60, "show_instructions": true, "survey_required": false, "survey_link": null, "prolific_mode": false, "prolific_completion_link": null, "tokens_per_period": 100, "token_cents_value": "1.00", "world_width": 8000, "world_height": 6000, "interaction_length": 10, "cool_down_length": 10, "interaction_range": 200, "avatar_scale": "0.50", "avatar_bound_box_percent": "0.75", "avatar_move_speed": "7.5", "avatar_animation_speed": "0.90", "reconnection_limit": 25, "test_mode": false, "json_for_session": {"id": 1, "test_mode": 0, "survey_link": null, "world_width": 8000, "avatar_scale": "0.50", "break_length": 60, "period_count": 40, "world_height": 6000, "period_length": 90, "prolific_mode": 0, "break_frequency": 5, "survey_required": 0, "cool_down_length": 10, "avatar_move_speed": "7.5", "interaction_range": 200, "show_instructions": 1, "token_cents_value": "1", "tokens_per_period": 100, "interaction_length": 10, "reconnection_limit": 25, "parameter_set_walls": {"1": {"id": 1, "info": "Green Top", "width": 3500, "height": 100, "start_x": 0, "start_y": 0}, "2": {"id": 2, "info": "Green Right", "width": 100, "height": 2000, "start_x": 3500, "start_y": 0}, "3": {"id": 3, "info": "Green Left", "width": 100, "height": 2500, "start_x": 0, "start_y": 0}, "4": {"id": 4, "info": "Green Bottom", "width": 3000, "height": 100, "start_x": 0, "start_y": 2500}, "5": {"id": 5, "info": "Red Top", "width": 3500, "height": 100, "start_x": 4500, "start_y": 0}, "6": {"id": 6, "info": "Red Right", "width": 100, "height": 2500, "start_x": 7900, "start_y": 0}, "7": {"id": 7, "info": "Red Bottom", "width": 3000, "height": 100, "start_x": 5000, "start_y": 2500}, "8": {"id": 8, "info": "Red Left", "width": 100, "height": 2000, "start_x": 4400, "start_y": 0}, "9": {"id": 9, "info": "Blue Top", "width": 3000, "height": 100, "start_x": 0, "start_y": 3400}, "10": {"id": 10, "info": "Blue Right", "width": 100, "height": 2000, "start_x": 3500, "start_y": 4000}, "11": {"id": 11, "info": "Blue Bottom", "width": 3500, "height": 100, "start_x": 0, "start_y": 5900}, "12": {"id": 12, "info": "Blue Left", "width": 100, "height": 2500, "start_x": 0, "start_y": 3500}, "13": {"id": 13, "info": "Yellow Top", "width": 3000, "height": 100, "start_x": 5000, "start_y": 3400}, "14": {"id": 14, "info": "Yellow Right", "width": 100, "height": 2500, "start_x": 7900, "start_y": 3500}, "15": {"id": 15, "info": "Yellow Bottom", "width": 3500, "height": 100, "start_x": 4500, "start_y": 5900}, "16": {"id": 16, "info": "Yellow Left", "width": 100, "height": 2000, "start_x": 4400, "start_y": 4000}, "17": {"id": 17, "info": "Bridge North", "width": 1000, "height": 100, "start_x": 3500, "start_y": 1900}, "18": {"id": 18, "info": "Bridge North", "width": 1000, "height": 100, "start_x": 3500, "start_y": 2500}, "19": {"id": 19, "info": "Bridge East", "width": 100, "height": 1000, "start_x": 4400, "start_y": 2500}, "20": {"id": 20, "info": "Bridge East", "width": 100, "height": 1000, "start_x": 5000, "start_y": 2500}, "21": {"id": 21, "info": "Bridge South", "width": 1000, "height": 100, "start_x": 3500, "start_y": 3400}, "22": {"id": 22, "info": "Bridge South", "width": 1000, "height": 100, "start_x": 3500, "start_y": 4000}, "23": {"id": 23, "info": "Bridge East", "width": 100, "height": 1000, "start_x": 3500, "start_y": 2500}, "24": {"id": 24, "info": "Bridge East", "width": 100, "height": 1000, "start_x": 2900, "start_y": 2500}}, "parameter_set_groups": {"1": {"id": 1, "name": "Green"}, "2": {"id": 2, "name": "Red"}, "3": {"id": 3, "name": "Blue"}, "4": {"id": 4, "name": "Yellow"}}, "parameter_set_grounds": {"1": {"x": 0, "y": 0, "id": 1, "info": "Green Zone", "tint": "0x90EE90", "scale": "1.00", "width": 3500, "height": 2500, "texture": "grass_tex", "rotation": "0.00"}, "2": {"x": 4500, "y": 0, "id": 2, "info": "Red Zone", "tint": "0xFFB6C1", "scale": "1.00", "width": 3500, "height": 2500, "texture": "grass_tex", "rotation": "0.00"}, "3": {"x": 0, "y": 3500, "id": 3, "info": "Blue Zone", "tint": "0x87CEFA", "scale": "1.00", "width": 3500, "height": 2500, "texture": "grass_tex", "rotation": "0.00"}, "4": {"x": 4500, "y": 3500, "id": 4, "info": "Yellow Zone", "tint": "0xF0E68C", "scale": "1.00", "width": 3500, "height": 2500, "texture": "grass_tex", "rotation": "0.00"}, "5": {"x": 3500, "y": 2000, "id": 5, "info": "Bridge North", "tint": "0xFFFFFF", "scale": "1.00", "width": 1000, "height": 500, "texture": "bridge_tex", "rotation": "0.00"}, "6": {"x": 4500, "y": 2500, "id": 6, "info": "Bridge East", "tint": "0xFFFFFF", "scale": "1.00", "width": 500, "height": 1000, "texture": "bridge_tex", "rotation": "1.57"}, "7": {"x": 3500, "y": 3500, "id": 7, "info": "Bridge South", "tint": "0xFFFFFF", "scale": "1.00", "width": 1000, "height": 500, "texture": "bridge_tex", "rotation": "0.00"}, "8": {"x": 3000, "y": 2500, "id": 8, "info": "Bridge West", "tint": "0xFFFFFF", "scale": "1.00", "width": 500, "height": 1000, "texture": "bridge_tex", "rotation": "1.57"}}, "parameter_set_notices": {"1": {"id": 1, "text": "The bridges to other regions are open.", "end_time": 91, "end_period": 20, "start_time": 150, "start_period": 20}, "2": {"id": 2, "text": "The break is over; interactions are enabled.", "end_time": 80, "end_period": 5, "start_time": 90, "start_period": 5}, "3": {"id": 3, "text": "The break is over; interactions are enabled.", "end_time": 80, "end_period": 10, "start_time": 90, "start_period": 10}, "4": {"id": 4, "text": "The break is over; interactions are enabled.", "end_time": 80, "end_period": 20, "start_time": 90, "start_period": 20}, "5": {"id": 5, "text": "The break is over; interactions are enabled.", "end_time": 80, "end_period": 25, "start_time": 90, "start_period": 25}, "6": {"id": 6, "text": "The break is over; interactions are enabled.", "end_time": 80, "end_period": 35, "start_time": 90, "start_period": 35}, "7": {"id": 7, "text": "The break is over; interactions are enabled.", "end_time": 80, "end_period": 40, "start_time": 90, "start_period": 40}, "8": {"id": 8, "text": "The break is over; interactions are enabled.", "end_time": 80, "end_period": 15, "start_time": 90, "start_period": 15}}, "parameter_set_players": {"1": {"id": 1, "start_x": 1300, "start_y": 1500, "id_label": "Sa", "hex_color": "0x7ccb7c", "player_number": 1, "instruction_set": null, "parameter_set_group": 1, "instruction_set_label": "---"}, "2": {"id": 2, "start_x": 1600, "start_y": 1500, "id_label": "Ol", "hex_color": "0x65a765", "player_number": 2, "instruction_set": null, "parameter_set_group": 1, "instruction_set_label": "---"}, "3": {"id": 3, "start_x": 1900, "start_y": 1500, "id_label": "Pi", "hex_color": "0x508450", "player_number": 3, "instruction_set": null, "parameter_set_group": 1, "instruction_set_label": "---"}, "4": {"id": 4, "start_x": 2200, "start_y": 1500, "id_label": "Ba", "hex_color": "0x3a603a", "player_number": 4, "instruction_set": null, "parameter_set_group": 1, "instruction_set_label": "---"}, "5": {"id": 5, "start_x": 6700, "start_y": 1500, "id_label": "Ro", "hex_color": "0xc81337", "player_number": 5, "instruction_set": null, "parameter_set_group": 2, "instruction_set_label": "---"}, "6": {"id": 6, "start_x": 6400, "start_y": 1500, "id_label": "Br", "hex_color": "0xb0102f", "player_number": 6, "instruction_set": null, "parameter_set_group": 2, "instruction_set_label": "---"}, "7": {"id": 7, "start_x": 6100, "start_y": 1500, "id_label": "Sc", "hex_color": "0x9b0e2b", "player_number": 7, "instruction_set": null, "parameter_set_group": 2, "instruction_set_label": "---"}, "8": {"id": 8, "start_x": 5800, "start_y": 1500, "id_label": "Ru", "hex_color": "0x850d25", "player_number": 8, "instruction_set": null, "parameter_set_group": 2, "instruction_set_label": "---"}, "9": {"id": 9, "start_x": 1300, "start_y": 4500, "id_label": "Sl", "hex_color": "0xd1dce6", "player_number": 9, "instruction_set": null, "parameter_set_group": 3, "instruction_set_label": "---"}, "10": {"id": 10, "start_x": 1600, "start_y": 4500, "id_label": "Sk", "hex_color": "0xb8d3fc", "player_number": 10, "instruction_set": null, "parameter_set_group": 3, "instruction_set_label": "---"}, "11": {"id": 11, "start_x": 1900, "start_y": 4500, "id_label": "Na", "hex_color": "0x7497b5", "player_number": 11, "instruction_set": null, "parameter_set_group": 3, "instruction_set_label": "---"}, "12": {"id": 12, "start_x": 2200, "start_y": 4500, "id_label": "Oc", "hex_color": "0x45759d", "player_number": 12, "instruction_set": null, "parameter_set_group": 3, "instruction_set_label": "---"}, "13": {"id": 13, "start_x": 6700, "start_y": 4500, "id_label": "Bu", "hex_color": "0xfdea99", "player_number": 13, "instruction_set": null, "parameter_set_group": 4, "instruction_set_label": "---"}, "14": {"id": 14, "start_x": 6400, "start_y": 4500, "id_label": "Mu", "hex_color": "0xfde066", "player_number": 14, "instruction_set": null, "parameter_set_group": 4, "instruction_set_label": "---"}, "15": {"id": 15, "start_x": 6100, "start_y": 4500, "id_label": "Da", "hex_color": "0xfcd533", "player_number": 15, "instruction_set": null, "parameter_set_group": 4, "instruction_set_label": "---"}, "16": {"id": 16, "start_x": 5800, "start_y": 4500, "id_label": "Ca", "hex_color": "0xfbcb00", "player_number": 16, "instruction_set": null, "parameter_set_group": 4, "instruction_set_label": "---"}}, "avatar_animation_speed": "0.90", "parameter_set_barriers": {"1": {"id": 1, "info": "Green Start East", "text": "Closed", "width": 100, "height": 500, "start_x": 3500, "start_y": 2000, "rotation": 90, "period_on": 1, "period_off": 17, "parameter_set_groups": [1], "parameter_set_players": []}, "2": {"id": 2, "info": "Green Start South", "text": "Closed", "width": 500, "height": 100, "start_x": 3000, "start_y": 2500, "rotation": 0, "period_on": 1, "period_off": 17, "parameter_set_groups": [1], "parameter_set_players": []}, "3": {"id": 3, "info": "Red Start West", "text": "Closed", "width": 100, "height": 500, "start_x": 4400, "start_y": 2000, "rotation": 270, "period_on": 1, "period_off": 17, "parameter_set_groups": [2], "parameter_set_players": []}, "4": {"id": 4, "info": "Red Start South", "text": "Closed", "width": 500, "height": 100, "start_x": 4500, "start_y": 2500, "rotation": 0, "period_on": 1, "period_off": 17, "parameter_set_groups": [2], "parameter_set_players": []}, "5": {"id": 5, "info": "Blue Start North", "text": "Closed", "width": 500, "height": 100, "start_x": 3000, "start_y": 3400, "rotation": 0, "period_on": 1, "period_off": 17, "parameter_set_groups": [3], "parameter_set_players": []}, "6": {"id": 6, "info": "Blue Start East", "text": "Closed", "width": 100, "height": 500, "start_x": 3500, "start_y": 3500, "rotation": 90, "period_on": 1, "period_off": 17, "parameter_set_groups": [3], "parameter_set_players": []}, "7": {"id": 7, "info": "Yellow Start North", "text": "Closed", "width": 500, "height": 100, "start_x": 4500, "start_y": 3400, "rotation": 0, "period_on": 1, "period_off": 17, "parameter_set_groups": [4], "parameter_set_players": []}, "8": {"id": 8, "info": "Yellow Start West", "text": "Closed", "width": 100, "height": 500, "start_x": 4400, "start_y": 3500, "rotation": 270, "period_on": 1, "period_off": 17, "parameter_set_groups": [4], "parameter_set_players": []}}, "avatar_bound_box_percent": "0.75", "prolific_completion_link": null, "parameter_set_walls_order": [1, 2, 3, 4, 5, 6, 7, 8, 9, 10, 11, 12, 13, 14, 15, 16, 17, 18, 19, 20, 21, 22, 23, 24], "parameter_set_groups_order": [3, 1, 2, 4], "parameter_set_grounds_order": [1, 2, 3, 4, 5, 6, 7, 8], "parameter_set_notices_order": [1, 2, 3, 4, 5, 6, 7, 8], "parameter_set_players_order": [1, 2, 3, 4, 5, 6, 7, 8, 9, 10, 11, 12, 13, 14, 15, 16], "parameter_set_barriers_order": [1, 2, 3, 4, 5, 6, 7, 8]}, "timestamp": "2025-04-25T22:26:11.974Z", "updated": "2025-04-25T22:27:12.550Z"}}, {"model": "main.parameterset", "pk": 2, "fields": {"period_count": 40, "period_length": 90, "break_frequency": 5, "break_length": 60, "show_instructions": true, "survey_required": false, "survey_link": null, "prolific_mode": false, "prolific_completion_link": null, "tokens_per_period": 100, "token_cents_value": "1.00", "world_width": 8000, "world_height": 6000, "interaction_length": 10, "cool_down_length": 10, "interaction_range": 200, "avatar_scale": "0.50", "avatar_bound_box_percent": "0.75", "avatar_move_speed": "7.5", "avatar_animation_speed": "0.90", "reconnection_limit": 25, "test_mode": false, "json_for_session": {"id": 2, "test_mode": 0, "survey_link": null, "world_width": 8000, "avatar_scale": "0.50", "break_length": 60, "period_count": 40, "world_height": 6000, "period_length": 90, "prolific_mode": 0, "break_frequency": 5, "survey_required": 0, "cool_down_length": 10, "avatar_move_speed": "7.5", "interaction_range": 200, "show_instructions": 1, "token_cents_value": "1", "tokens_per_period": 100, "interaction_length": 10, "reconnection_limit": 25, "parameter_set_walls": {"1": {"id": 1, "info": "Green Top", "width": 3500, "height": 100, "start_x": 0, "start_y": 0}, "2": {"id": 2, "info": "Green Right", "width": 100, "height": 2000, "start_x": 3500, "start_y": 0}, "3": {"id": 3, "info": "Green Left", "width": 100, "height": 2500, "start_x": 0, "start_y": 0}, "4": {"id": 4, "info": "Green Bottom", "width": 3000, "height": 100, "start_x": 0, "start_y": 2500}, "5": {"id": 5, "info": "Red Top", "width": 3500, "height": 100, "start_x": 4500, "start_y": 0}, "6": {"id": 6, "info": "Red Right", "width": 100, "height": 2500, "start_x": 7900, "start_y": 0}, "7": {"id": 7, "info": "Red Bottom", "width": 3000, "height": 100, "start_x": 5000, "start_y": 2500}, "8": {"id": 8, "info": "Red Left", "width": 100, "height": 2000, "start_x": 4400, "start_y": 0}, "9": {"id": 9, "info": "Blue Top", "width": 3000, "height": 100, "start_x": 0, "start_y": 3400}, "10": {"id": 10, "info": "Blue Right", "width": 100, "height": 2000, "start_x": 3500, "start_y": 4000}, "11": {"id": 11, "info": "Blue Bottom", "width": 3500, "height": 100, "start_x": 0, "start_y": 5900}, "12": {"id": 12, "info": "Blue Left", "width": 100, "height": 2500, "start_x": 0, "start_y": 3500}, "13": {"id": 13, "info": "Yellow Top", "width": 3000, "height": 100, "start_x": 5000, "start_y": 3400}, "14": {"id": 14, "info": "Yellow Right", "width": 100, "height": 2500, "start_x": 7900, "start_y": 3500}, "15": {"id": 15, "info": "Yellow Bottom", "width": 3500, "height": 100, "start_x": 4500, "start_y": 5900}, "16": {"id": 16, "info": "Yellow Left", "width": 100, "height": 2000, "start_x": 4400, "start_y": 4000}, "17": {"id": 17, "info": "Bridge North", "width": 1000, "height": 100, "start_x": 3500, "start_y": 1900}, "18": {"id": 18, "info": "Bridge North", "width": 1000, "height": 100, "start_x": 3500, "start_y": 2500}, "19": {"id": 19, "info": "Bridge East", "width": 100, "height": 1000, "start_x": 4400, "start_y": 2500}, "20": {"id": 20, "info": "Bridge East", "width": 100, "height": 1000, "start_x": 5000, "start_y": 2500}, "21": {"id": 21, "info": "Bridge South", "width": 1000, "height": 100, "start_x": 3500, "start_y": 3400}, "22": {"id": 22, "info": "Bridge South", "width": 1000, "height": 100, "start_x": 3500, "start_y": 4000}, "23": {"id": 23, "info": "Bridge East", "width": 100, "height": 1000, "start_x": 3500, "start_y": 2500}, "24": {"id": 24, "info": "Bridge East", "width": 100, "height": 1000, "start_x": 2900, "start_y": 2500}}, "parameter_set_groups": {"1": {"id": 1, "name": "Green"}, "2": {"id": 2, "name": "Red"}, "3": {"id": 3, "name": "Blue"}, "4": {"id": 4, "name": "Yellow"}}, "parameter_set_grounds": {"1": {"x": 0, "y": 0, "id": 1, "info": "Green Zone", "tint": "0x90EE90", "scale": "1.00", "width": 3500, "height": 2500, "texture": "grass_tex", "rotation": "0.00"}, "2": {"x": 4500, "y": 0, "id": 2, "info": "Red Zone", "tint": "0xFFB6C1", "scale": "1.00", "width": 3500, "height": 2500, "texture": "grass_tex", "rotation": "0.00"}, "3": {"x": 0, "y": 3500, "id": 3, "info": "Blue Zone", "tint": "0x87CEFA", "scale": "1.00", "width": 3500, "height": 2500, "texture": "grass_tex", "rotation": "0.00"}, "4": {"x": 4500, "y": 3500, "id": 4, "info": "Yellow Zone", "tint": "0xF0E68C", "scale": "1.00", "width": 3500, "height": 2500, "texture": "grass_tex", "rotation": "0.00"}, "5": {"x": 3500, "y": 2000, "id": 5, "info": "Bridge North", "tint": "0xFFFFFF", "scale": "1.00", "width": 1000, "height": 500, "texture": "bridge_tex", "rotation": "0.00"}, "6": {"x": 4500, "y": 2500, "id": 6, "info": "Bridge East", "tint": "0xFFFFFF", "scale": "1.00", "width": 500, "height": 1000, "texture": "bridge_tex", "rotation": "1.57"}, "7": {"x": 3500, "y": 3500, "id": 7, "info": "Bridge South", "tint": "0xFFFFFF", "scale": "1.00", "width": 1000, "height": 500, "texture": "bridge_tex", "rotation": "0.00"}, "8": {"x": 3000, "y": 2500, "id": 8, "info": "Bridge West", "tint": "0xFFFFFF", "scale": "1.00", "width": 500, "height": 1000, "texture": "bridge_tex", "rotation": "1.57"}}, "parameter_set_notices": {"1": {"id": 1, "text": "The bridges to other regions are open.", "end_time": 91, "end_period": 20, "start_time": 150, "start_period": 20}, "2": {"id": 2, "text": "The break is over; interactions are enabled.", "end_time": 80, "end_period": 5, "start_time": 90, "start_period": 5}, "3": {"id": 3, "text": "The break is over; interactions are enabled.", "end_time": 80, "end_period": 10, "start_time": 90, "start_period": 10}, "4": {"id": 4, "text": "The break is over; interactions are enabled.", "end_time": 80, "end_period": 20, "start_time": 90, "start_period": 20}, "5": {"id": 5, "text": "The break is over; interactions are enabled.", "end_time": 80, "end_period": 25, "start_time": 90, "start_period": 25}, "6": {"id": 6, "text": "The break is over; interactions are enabled.", "end_time": 80, "end_period": 35, "start_time": 90, "start_period": 35}, "7": {"id": 7, "text": "The break is over; interactions are enabled.", "end_time": 80, "end_period": 40, "start_time": 90, "start_period": 40}, "8": {"id": 8, "text": "The break is over; interactions are enabled.", "end_time": 80, "end_period": 15, "start_time": 90, "start_period": 15}}, "parameter_set_players": {"1": {"id": 1, "start_x": 1300, "start_y": 1500, "id_label": "Sa", "hex_color": "0x7ccb7c", "player_number": 1, "instruction_set": null, "parameter_set_group": 1, "instruction_set_label": "---"}, "2": {"id": 2, "start_x": 1600, "start_y": 1500, "id_label": "Ol", "hex_color": "0x65a765", "player_number": 2, "instruction_set": null, "parameter_set_group": 1, "instruction_set_label": "---"}, "3": {"id": 3, "start_x": 1900, "start_y": 1500, "id_label": "Pi", "hex_color": "0x508450", "player_number": 3, "instruction_set": null, "parameter_set_group": 1, "instruction_set_label": "---"}, "4": {"id": 4, "start_x": 2200, "start_y": 1500, "id_label": "Ba", "hex_color": "0x3a603a", "player_number": 4, "instruction_set": null, "parameter_set_group": 1, "instruction_set_label": "---"}, "5": {"id": 5, "start_x": 6700, "start_y": 1500, "id_label": "Ro", "hex_color": "0xc81337", "player_number": 5, "instruction_set": null, "parameter_set_group": 2, "instruction_set_label": "---"}, "6": {"id": 6, "start_x": 6400, "start_y": 1500, "id_label": "Br", "hex_color": "0xb0102f", "player_number": 6, "instruction_set": null, "parameter_set_group": 2, "instruction_set_label": "---"}, "7": {"id": 7, "start_x": 6100, "start_y": 1500, "id_label": "Sc", "hex_color": "0x9b0e2b", "player_number": 7, "instruction_set": null, "parameter_set_group": 2, "instruction_set_label": "---"}, "8": {"id": 8, "start_x": 5800, "start_y": 1500, "id_label": "Ru", "hex_color": "0x850d25", "player_number": 8, "instruction_set": null, "parameter_set_group": 2, "instruction_set_label": "---"}, "9": {"id": 9, "start_x": 1300, "start_y": 4500, "id_label": "Sl", "hex_color": "0xd1dce6", "player_number": 9, "instruction_set": null, "parameter_set_group": 3, "instruction_set_label": "---"}, "10": {"id": 10, "start_x": 1600, "start_y": 4500, "id_label": "Sk", "hex_color": "0xb8d3fc", "player_number": 10, "instruction_set": null, "parameter_set_group": 3, "instruction_set_label": "---"}, "11": {"id": 11, "start_x": 1900, "start_y": 4500, "id_label": "Na", "hex_color": "0x7497b5", "player_number": 11, "instruction_set": null, "parameter_set_group": 3, "instruction_set_label": "---"}, "12": {"id": 12, "start_x": 2200, "start_y": 4500, "id_label": "Oc", "hex_color": "0x45759d", "player_number": 12, "instruction_set": null, "parameter_set_group": 3, "instruction_set_label": "---"}, "13": {"id": 13, "start_x": 6700, "start_y": 4500, "id_label": "Bu", "hex_color": "0xfdea99", "player_number": 13, "instruction_set": null, "parameter_set_group": 4, "instruction_set_label": "---"}, "14": {"id": 14, "start_x": 6400, "start_y": 4500, "id_label": "Mu", "hex_color": "0xfde066", "player_number": 14, "instruction_set": null, "parameter_set_group": 4, "instruction_set_label": "---"}, "15": {"id": 15, "start_x": 6100, "start_y": 4500, "id_label": "Da", "hex_color": "0xfcd533", "player_number": 15, "instruction_set": null, "parameter_set_group": 4, "instruction_set_label": "---"}, "16": {"id": 16, "start_x": 5800, "start_y": 4500, "id_label": "Ca", "hex_color": "0xfbcb00", "player_number": 16, "instruction_set": null, "parameter_set_group": 4, "instruction_set_label": "---"}}, "avatar_animation_speed": "0.90", "parameter_set_barriers": {"1": {"id": 1, "info": "Green Start East", "text": "Closed", "width": 100, "height": 500, "start_x": 3500, "start_y": 2000, "rotation": 90, "period_on": 1, "period_off": 17, "parameter_set_groups": [1], "parameter_set_players": []}, "2": {"id": 2, "info": "Green Start South", "text": "Closed", "width": 500, "height": 100, "start_x": 3000, "start_y": 2500, "rotation": 0, "period_on": 1, "period_off": 17, "parameter_set_groups": [1], "parameter_set_players": []}, "3": {"id": 3, "info": "Red Start West", "text": "Closed", "width": 100, "height": 500, "start_x": 4400, "start_y": 2000, "rotation": 270, "period_on": 1, "period_off": 17, "parameter_set_groups": [2], "parameter_set_players": []}, "4": {"id": 4, "info": "Red Start South", "text": "Closed", "width": 500, "height": 100, "start_x": 4500, "start_y": 2500, "rotation": 0, "period_on": 1, "period_off": 17, "parameter_set_groups": [2], "parameter_set_players": []}, "5": {"id": 5, "info": "Blue Start North", "text": "Closed", "width": 500, "height": 100, "start_x": 3000, "start_y": 3400, "rotation": 0, "period_on": 1, "period_off": 17, "parameter_set_groups": [3], "parameter_set_players": []}, "6": {"id": 6, "info": "Blue Start East", "text": "Closed", "width": 100, "height": 500, "start_x": 3500, "start_y": 3500, "rotation": 90, "period_on": 1, "period_off": 17, "parameter_set_groups": [3], "parameter_set_players": []}, "7": {"id": 7, "info": "Yellow Start North", "text": "Closed", "width": 500, "height": 100, "start_x": 4500, "start_y": 3400, "rotation": 0, "period_on": 1, "period_off": 17, "parameter_set_groups": [4], "parameter_set_players": []}, "8": {"id": 8, "info": "Yellow Start West", "text": "Closed", "width": 100, "height": 500, "start_x": 4400, "start_y": 3500, "rotation": 270, "period_on": 1, "period_off": 17, "parameter_set_groups": [4], "parameter_set_players": []}}, "avatar_bound_box_percent": "0.75", "prolific_completion_link": null, "parameter_set_walls_order": [1, 2, 3, 4, 5, 6, 7, 8, 9, 10, 11, 12, 13, 14, 15, 16, 17, 18, 19, 20, 21, 22, 23, 24], "parameter_set_groups_order": [3, 1, 2, 4], "parameter_set_grounds_order": [1, 2, 3, 4, 5, 6, 7, 8], "parameter_set_notices_order": [1, 2, 3, 4, 5, 6, 7, 8], "parameter_set_players_order": [1, 2, 3, 4, 5, 6, 7, 8, 9, 10, 11, 12, 13, 14, 15, 16], "parameter_set_barriers_order": [1, 2, 3, 4, 5, 6, 7, 8]}, "timestamp": "2025-04-25T22:33:42.052Z", "updated": "2025-04-25T22:34:54.361Z"}}, {"model": "main.parametersetgroup", "pk": 1, "fields": {"parameter_set": 2, "name": "Green", "timestamp": "2025-04-25T22:34:30.258Z", "updated": "2025-04-25T22:34:30.261Z"}}, {"model": "main.parametersetgroup", "pk": 2, "fields": {"parameter_set": 2, "name": "Red", "timestamp": "2025-04-25T22:34:30.264Z", "updated": "2025-04-25T22:34:30.266Z"}}, {"model": "main.parametersetgroup", "pk": 3, "fields": {"parameter_set": 2, "name": "Blue", "timestamp": "2025-04-25T22:34:30.269Z", "updated": "2025-04-25T22:34:30.271Z"}}, {"model": "main.parametersetgroup", "pk": 4, "fields": {"parameter_set": 2, "name": "Yellow", "timestamp": "2025-04-25T22:34:30.273Z", "updated": "2025-04-25T22:34:30.275Z"}}, {"model": "main.parametersetplayer", "pk": 1, "fields": {"parameter_set": 2, "parameter_set_group": 1, "instruction_set": null, "id_label": "Sa", "player_number": 1, "start_x": 1300, "start_y": 1500, "hex_color": "0x7ccb7c", "timestamp": "2025-04-25T22:34:30.278Z", "updated": "2025-04-25T22:34:30.389Z"}}, {"model": "main.parametersetplayer", "pk": 2, "fields": {"parameter_set": 2, "parameter_set_group": 1, "instruction_set": null, "id_label": "Ol", "player_number": 2, "start_x": 1600, "start_y": 1500, "hex_color": "0x65a765", "timestamp": "2025-04-25T22:34:30.286Z", "updated": "2025-04-25T22:34:30.398Z"}}, {"model": "main.parametersetplayer", "pk": 3, "fields": {"parameter_set": 2, "parameter_set_group": 1, "instruction_set": null, "id_label": "Pi", "player_number": 3, "start_x": 1900, "start_y": 1500, "hex_color": "0x508450", "timestamp": "2025-04-25T22:34:30.292Z", "updated": "2025-04-25T22:34:30.407Z"}}, {"model": "main.parametersetplayer", "pk": 4, "fields": {"parameter_set": 2, "parameter_set_group": 1, "instruction_set": null, "id_label": "Ba", "player_number": 4, "start_x": 2200, "start_y": 1500, "hex_color": "0x3a603a", "timestamp": "2025-04-25T22:34:30.298Z", "updated": "2025-04-25T22:34:30.417Z"}}, {"model": "main.parametersetplayer", "pk": 5, "fields": {"parameter_set": 2, "parameter_set_group": 2, "instruction_set": null, "id_label": "Ro", "player_number": 5, "start_x": 6700, "start_y": 1500, "hex_color": "0xc81337", "timestamp": "2025-04-25T22:34:30.305Z", "updated": "2025-04-25T22:34:30.425Z"}}, {"model": "main.parametersetplayer", "pk": 6, "fields": {"parameter_set": 2, "parameter_set_group": 2, "instruction_set": null, "id_label": "Br", "player_number": 6, "start_x": 6400, "start_y": 1500, "hex_color": "0xb0102f", "timestamp": "2025-04-25T22:34:30.311Z", "updated": "2025-04-25T22:34:30.432Z"}}, {"model": "main.parametersetplayer", "pk": 7, "fields": {"parameter_set": 2, "parameter_set_group": 2, "instruction_set": null, "id_label": "Sc", "player_number": 7, "start_x": 6100, "start_y": 1500, "hex_color": "0x9b0e2b", "timestamp": "2025-04-25T22:34:30.317Z", "updated": "2025-04-25T22:34:30.439Z"}}, {"model": "main.parametersetplayer", "pk": 8, "fields": {"parameter_set": 2, "parameter_set_group": 2, "instruction_set": null, "id_label": "Ru", "player_number": 8, "start_x": 5800, "start_y": 1500, "hex_color": "0x850d25", "timestamp": "2025-04-25T22:34:30.324Z", "updated": "2025-04-25T22:34:30.446Z"}}, {"model": "main.parametersetplayer", "pk": 9, "fields": {"parameter_set": 2, "parameter_set_group": 3, "instruction_set": null, "id_label": "Sl", "player_number": 9, "start_x": 1300, "start_y": 4500, "hex_color": "0xd1dce6", "timestamp": "2025-04-25T22:34:30.330Z", "updated": "2025-04-25T22:34:30.453Z"}}, {"model": "main.parametersetplayer", "pk": 10, "fields": {"parameter_set": 2, "parameter_set_group": 3, "instruction_set": null, "id_label": "Sk", "player_number": 10, "start_x": 1600, "start_y": 4500, "hex_color": "0xb8d3fc", "timestamp": "2025-04-25T22:34:30.336Z", "updated": "2025-04-25T22:34:30.460Z"}}, {"model": "main.parametersetplayer", "pk": 11, "fields": {"parameter_set": 2, "parameter_set_group": 3, "instruction_set": null, "id_label": "Na", "player_number": 11, "start_x": 1900, "start_y": 4500, "hex_color": "0x7497b5", "timestamp": "2025-04-25T22:34:30.343Z", "updated": "2025-04-25T22:34:30.467Z"}}, {"model": "main.parametersetplayer", "pk": 12, "fields": {"parameter_set": 2, "parameter_set_group": 3, "instruction_set": null, "id_label": "Oc", "player_number": 12, "start_x": 2200, "start_y": 4500, "hex_color": "0x45759d", "timestamp": "2025-04-25T22:34:30.349Z", "updated": "2025-04-25T22:34:30.475Z"}}, {"model": "main.parametersetplayer", "pk": 13, "fields": {"parameter_set": 2, "parameter_set_group": 4, "instruction_set": null, "id_label": "Bu", "player_number": 13, "start_x": 6700, "start_y": 4500, "hex_color": "0xfdea99", "timestamp": "2025-04-25T22:34:30.355Z", "updated": "2025-04-25T22:34:30.482Z"}}, {"model": "main.parametersetplayer", "pk": 14, "fields": {"parameter_set": 2, "parameter_set_group": 4, "instruction_set": null, "id_label": "Mu", "player_number": 14, "start_x": 6400, "start_y": 4500, "hex_color": "0xfde066", "timestamp": "2025-04-25T22:34:30.361Z", "updated": "2025-04-25T22:34:30.489Z"}}, {"model": "main.parametersetplayer", "pk": 15, "fields": {"parameter_set": 2, "parameter_set_group": 4, "instruction_set": null, "id_label": "Da", "player_number": 15, "start_x": 6100, "start_y": 4500, "hex_color": "0xfcd533", "timestamp": "2025-04-25T22:34:30.370Z", "updated": "2025-04-25T22:34:30.496Z"}}, {"model": "main.parametersetplayer", "pk": 16, "fields": {"parameter_set": 2, "parameter_set_group": 4, "instruction_set": null, "id_label": "Ca", "player_number": 16, "start_x": 5800, "start_y": 4500, "hex_color": "0xfbcb00", "timestamp": "2025-04-25T22:34:30.376Z", "updated": "2025-04-25T22:34:30.503Z"}}, {"model": "main.parametersetnotice", "pk": 1, "fields": {"parameter_set": 2, "text": "The bridges to other regions are open.", "start_period": 20, "start_time": 150, "end_period": 20, "end_time": 91, "timestamp": "2025-04-25T22:34:30.672Z", "updated": "2025-04-25T22:34:30.674Z"}}, {"model": "main.parametersetnotice", "pk": 2, "fields": {"parameter_set": 2, "text": "The break is over; interactions are enabled.", "start_period": 5, "start_time": 90, "end_period": 5, "end_time": 80, "timestamp": "2025-04-25T22:34:30.676Z", "updated": "2025-04-25T22:34:30.678Z"}}, {"model": "main.parametersetnotice", "pk": 3, "fields": {"parameter_set": 2, "text": "The break is over; interactions are enabled.", "start_period": 10, "start_time": 90, "end_period": 10, "end_time": 80, "timestamp": "2025-04-25T22:34:30.680Z", "updated": "2025-04-25T22:34:30.682Z"}}, {"model": "main.parametersetnotice", "pk": 4, "fields": {"parameter_set": 2, "text": "The break is over; interactions are enabled.", "start_period": 20, "start_time": 90, "end_period": 20, "end_time": 80, "timestamp": "2025-04-25T22:34:30.684Z", "updated": "2025-04-25T22:34:30.686Z"}}, {"model": "main.parametersetnotice", "pk": 5, "fields": {"parameter_set": 2, "text": "The break is over; interactions are enabled.", "start_period": 25, "start_time": 90, "end_period": 25, "end_time": 80, "timestamp": "2025-04-25T22:34:30.689Z", "updated": "2025-04-25T22:34:30.690Z"}}, {"model": "main.parametersetnotice", "pk": 6, "fields": {"parameter_set": 2, "text": "The break is over; interactions are enabled.", "start_period": 35, "start_time": 90, "end_period": 35, "end_time": 80, "timestamp": "2025-04-25T22:34:30.692Z", "updated": "2025-04-25T22:34:30.694Z"}}, {"model": "main.parametersetnotice", "pk": 7, "fields": {"parameter_set": 2, "text": "The break is over; interactions are enabled.", "start_period": 40, "start_time": 90, "end_period": 40, "end_time": 80, "timestamp": "2025-04-25T22:34:30.696Z", "updated": "2025-04-25T22:34:30.698Z"}}, {"model": "main.parametersetnotice", "pk": 8, "fields": {"parameter_set": 2, "text": "The break is over; interactions are enabled.", "start_period": 15, "start_time": 90, "end_period": 15, "end_time": 80, "timestamp": "2025-04-25T22:34:30.700Z", "updated": "2025-04-25T22:34:30.702Z"}}, {"model": "main.parametersetwall", "pk": 1, "fields": {"parameter_set": 2, "info": "Green Top", "start_x": 0, "start_y": 0, "width": 3500, "height": 100, "timestamp": "2025-04-25T22:34:30.566Z", "updated": "2025-04-25T22:34:30.568Z"}}, {"model": "main.parametersetwall", "pk": 2, "fields": {"parameter_set": 2, "info": "Green Right", "start_x": 3500, "start_y": 0, "width": 100, "height": 2000, "timestamp": "2025-04-25T22:34:30.570Z", "updated": "2025-04-25T22:34:30.572Z"}}, {"model": "main.parametersetwall", "pk": 3, "fields": {"parameter_set": 2, "info": "Green Left", "start_x": 0, "start_y": 0, "width": 100, "height": 2500, "timestamp": "2025-04-25T22:34:30.574Z", "updated": "2025-04-25T22:34:30.576Z"}}, {"model": "main.parametersetwall", "pk": 4, "fields": {"parameter_set": 2, "info": "Green Bottom", "start_x": 0, "start_y": 2500, "width": 3000, "height": 100, "timestamp": "2025-04-25T22:34:30.578Z", "updated": "2025-04-25T22:34:30.580Z"}}, {"model": "main.parametersetwall", "pk": 5, "fields": {"parameter_set": 2, "info": "Red Top", "start_x": 4500, "start_y": 0, "width": 3500, "height": 100, "timestamp": "2025-04-25T22:34:30.582Z", "updated": "2025-04-25T22:34:30.584Z"}}, {"model": "main.parametersetwall", "pk": 6, "fields": {"parameter_set": 2, "info": "Red Right", "start_x": 7900, "start_y": 0, "width": 100, "height": 2500, "timestamp": "2025-04-25T22:34:30.587Z", "updated": "2025-04-25T22:34:30.589Z"}}, {"model": "main.parametersetwall", "pk": 7, "fields": {"parameter_set": 2, "info": "Red Bottom", "start_x": 5000, "start_y": 2500, "width": 3000, "height": 100, "timestamp": "2025-04-25T22:34:30.591Z", "updated": "2025-04-25T22:34:30.593Z"}}, {"model": "main.parametersetwall", "pk": 8, "fields": {"parameter_set": 2, "info": "Red Left", "start_x": 4400, "start_y": 0, "width": 100, "height": 2000, "timestamp": "2025-04-25T22:34:30.595Z", "updated": "2025-04-25T22:34:30.597Z"}}, {"model": "main.parametersetwall", "pk": 9, "fields": {"parameter_set": 2, "info": "Blue Top", "start_x": 0, "start_y": 3400, "width": 3000, "height": 100, "timestamp": "2025-04-25T22:34:30.599Z", "updated": "2025-04-25T22:34:30.601Z"}}, {"model": "main.parametersetwall", "pk": 10, "fields": {"parameter_set": 2, "info": "Blue Right", "start_x": 3500, "start_y": 4000, "width": 100, "height": 2000, "timestamp": "2025-04-25T22:34:30.604Z", "updated": "2025-04-25T22:34:30.606Z"}}, {"model": "main.parametersetwall", "pk": 11, "fields": {"parameter_set": 2, "info": "Blue Bottom", "start_x": 0, "start_y": 5900, "width": 3500, "height": 100, "timestamp": "2025-04-25T22:34:30.608Z", "updated": "2025-04-25T22:34:30.610Z"}}, {"model": "main.parametersetwall", "pk": 12, "fields": {"parameter_set": 2, "info": "Blue Left", "start_x": 0, "start_y": 3500, "width": 100, "height": 2500, "timestamp": "2025-04-25T22:34:30.612Z", "updated": "2025-04-25T22:34:30.618Z"}}, {"model": "main.parametersetwall", "pk": 13, "fields": {"parameter_set": 2, "info": "Yellow Top", "start_x": 5000, "start_y": 3400, "width": 3000, "height": 100, "timestamp": "2025-04-25T22:34:30.621Z", "updated": "2025-04-25T22:34:30.623Z"}}, {"model": "main.parametersetwall", "pk": 14, "fields": {"parameter_set": 2, "info": "Yellow Right", "start_x": 7900, "start_y": 3500, "width": 100, "height": 2500, "timestamp": "2025-04-25T22:34:30.625Z", "updated": "2025-04-25T22:34:30.627Z"}}, {"model": "main.parametersetwall", "pk": 15, "fields": {"parameter_set": 2, "info": "Yellow Bottom", "start_x": 4500, "start_y": 5900, "width": 3500, "height": 100, "timestamp": "2025-04-25T22:34:30.629Z", "updated": "2025-04-25T22:34:30.631Z"}}, {"model": "main.parametersetwall", "pk": 16, "fields": {"parameter_set": 2, "info": "Yellow Left", "start_x": 4400, "start_y": 4000, "width": 100, "height": 2000, "timestamp": "2025-04-25T22:34:30.633Z", "updated": "2025-04-25T22:34:30.636Z"}}, {"model": "main.parametersetwall", "pk": 17, "fields": {"parameter_set": 2, "info": "Bridge North", "start_x": 3500, "start_y": 1900, "width": 1000, "height": 100, "timestamp": "2025-04-25T22:34:30.638Z", "updated": "2025-04-25T22:34:30.640Z"}}, {"model": "main.parametersetwall", "pk": 18, "fields": {"parameter_set": 2, "info": "Bridge North", "start_x": 3500, "start_y": 2500, "width": 1000, "height": 100, "timestamp": "2025-04-25T22:34:30.642Z", "updated": "2025-04-25T22:34:30.644Z"}}, {"model": "main.parametersetwall", "pk": 19, "fields": {"parameter_set": 2, "info": "Bridge East", "start_x": 4400, "start_y": 2500, "width": 100, "height": 1000, "timestamp": "2025-04-25T22:34:30.646Z", "updated": "2025-04-25T22:34:30.648Z"}}, {"model": "main.parametersetwall", "pk": 20, "fields": {"parameter_set": 2, "info": "Bridge East", "start_x": 5000, "start_y": 2500, "width": 100, "height": 1000, "timestamp": "2025-04-25T22:34:30.650Z", "updated": "2025-04-25T22:34:30.652Z"}}, {"model": "main.parametersetwall", "pk": 21, "fields": {"parameter_set": 2, "info": "Bridge South", "start_x": 3500, "start_y": 3400, "width": 1000, "height": 100, "timestamp": "2025-04-25T22:34:30.654Z", "updated": "2025-04-25T22:34:30.656Z"}}, {"model": "main.parametersetwall", "pk": 22, "fields": {"parameter_set": 2, "info": "Bridge South", "start_x": 3500, "start_y": 4000, "width": 1000, "height": 100, "timestamp": "2025-04-25T22:34:30.658Z", "updated": "2025-04-25T22:34:30.660Z"}}, {"model": "main.parametersetwall", "pk": 23, "fields": {"parameter_set": 2, "info": "Bridge East", "start_x": 3500, "start_y": 2500, "width": 100, "height": 1000, "timestamp": "2025-04-25T22:34:30.662Z", "updated": "2025-04-25T22:34:30.664Z"}}, {"model": "main.parametersetwall", "pk": 24, "fields": {"parameter_set": 2, "info": "Bridge East", "start_x": 2900, "start_y": 2500, "width": 100, "height": 1000, "timestamp": "2025-04-25T22:34:30.667Z", "updated": "2025-04-25T22:34:30.669Z"}}, {"model": "main.parametersetbarrier", "pk": 1, "fields": {"parameter_set": 2, "info": "Green Start East", "start_x": 3500, "start_y": 2000, "width": 100, "height": 500, "text": "Closed", "rotation": 90, "period_on": 1, "period_off": 17, "timestamp": "2025-04-25T22:34:30.506Z", "updated": "2025-04-25T22:34:30.509Z", "parameter_set_groups": [1], "parameter_set_players": []}}, {"model": "main.parametersetbarrier", "pk": 2, "fields": {"parameter_set": 2, "info": "Green Start South", "start_x": 3000, "start_y": 2500, "width": 500, "height": 100, "text": "Closed", "rotation": 0, "period_on": 1, "period_off": 17, "timestamp": "2025-04-25T22:34:30.515Z", "updated": "2025-04-25T22:34:30.516Z", "parameter_set_groups": [1], "parameter_set_players": []}}, {"model": "main.parametersetbarrier", "pk": 3, "fields": {"parameter_set": 2, "info": "Red Start West", "start_x": 4400, "start_y": 2000, "width": 100, "height": 500, "text": "Closed", "rotation": 270, "period_on": 1, "period_off": 17, "timestamp": "2025-04-25T22:34:30.522Z", "updated": "2025-04-25T22:34:30.524Z", "parameter_set_groups": [2], "parameter_set_players": []}}, {"model": "main.parametersetbarrier", "pk": 4, "fields": {"parameter_set": 2, "info": "Red Start South", "start_x": 4500, "start_y": 2500, "width": 500, "height": 100, "text": "Closed", "rotation": 0, "period_on": 1, "period_off": 17, "timestamp": "2025-04-25T22:34:30.529Z", "updated": "2025-04-25T22:34:30.531Z", "parameter_set_groups": [2], "parameter_set_players": []}}, {"model": "main.parametersetbarrier", "pk": 5, "fields": {"parameter_set": 2, "info": "Blue Start North", "start_x": 3000, "start_y": 3400, "width": 500, "height": 100, "text": "Closed", "rotation": 0, "period_on": 1, "period_off": 17, "timestamp": "2025-04-25T22:34:30.537Z", "updated": "2025-04-25T22:34:30.539Z", "parameter_set_groups": [3], "parameter_set_players": []}}, {"model": "main.parametersetbarrier", "pk": 6, "fields": {"parameter_set": 2, "info": "Blue Start East", "start_x": 3500, "start_y": 3500, "width": 100, "height": 500, "text": "Closed", "rotation": 90, "period_on": 1, "period_off": 17, "timestamp": "2025-04-25T22:34:30.544Z", "updated": "2025-04-25T22:34:30.545Z", "parameter_set_groups": [3], "parameter_set_players": []}}, {"model": "main.parametersetbarrier", "pk": 7, "fields": {"parameter_set": 2, "info": "Yellow Start North", "start_x": 4500, "start_y": 3400, "width": 500, "height": 100, "text": "Closed", "rotation": 0, "period_on": 1, "period_off": 17, "timestamp": "2025-04-25T22:34:30.550Z", "updated": "2025-04-25T22:34:30.553Z", "parameter_set_groups": [4], "parameter_set_players": []}}, {"model": "main.parametersetbarrier", "pk": 8, "fields": {"parameter_set": 2, "info": "Yellow Start West", "start_x": 4400, "start_y": 3500, "width": 100, "height": 500, "text": "Closed", "rotation": 270, "period_on": 1, "period_off": 17, "timestamp": "2025-04-25T22:34:30.558Z", "updated": "2025-04-25T22:34:30.560Z", "parameter_set_groups": [4], "parameter_set_players": []}}, {"model": "main.parametersetground", "pk": 1, "fields": {"parameter_set": 2, "info": "Green Zone", "x": 0, "y": 0, "width": 3500, "height": 2500, "tint": "0x90EE90", "texture": "grass_tex", "rotation": "0.00", "scale": "1.00", "timestamp": "2025-04-25T22:34:30.706Z", "updated": "2025-04-25T22:34:30.708Z"}}, {"model": "main.parametersetground", "pk": 2, "fields": {"parameter_set": 2, "info": "Red Zone", "x": 4500, "y": 0, "width": 3500, "height": 2500, "tint": "0xFFB6C1", "texture": "grass_tex", "rotation": "0.00", "scale": "1.00", "timestamp": "2025-04-25T22:34:30.710Z", "updated": "2025-04-25T22:34:30.712Z"}}, {"model": "main.parametersetground", "pk": 3, "fields": {"parameter_set": 2, "info": "Blue Zone", "x": 0, "y": 3500, "width": 3500, "height": 2500, "tint": "0x87CEFA", "texture": "grass_tex", "rotation": "0.00", "scale": "1.00", "timestamp": "2025-04-25T22:34:30.714Z", "updated": "2025-04-25T22:34:30.716Z"}}, {"model": "main.parametersetground", "pk": 4, "fields": {"parameter_set": 2, "info": "Yellow Zone", "x": 4500, "y": 3500, "width": 3500, "height": 2500, "tint": "0xF0E68C", "texture": "grass_tex", "rotation": "0.00", "scale": "1.00", "timestamp": "2025-04-25T22:34:30.718Z", "updated": "2025-04-25T22:34:30.720Z"}}, {"model": "main.parametersetground", "pk": 5, "fields": {"parameter_set": 2, "info": "Bridge North", "x": 3500, "y": 2000, "width": 1000, "height": 500, "tint": "0xFFFFFF", "texture": "bridge_tex", "rotation": "0.00", "scale": "1.00", "timestamp": "2025-04-25T22:34:30.722Z", "updated": "2025-04-25T22:34:30.724Z"}}, {"model": "main.parametersetground", "pk": 6, "fields": {"parameter_set": 2, "info": "Bridge East", "x": 4500, "y": 2500, "width": 500, "height": 1000, "tint": "0xFFFFFF", "texture": "bridge_tex", "rotation": "1.57", "scale": "1.00", "timestamp": "2025-04-25T22:34:30.726Z", "updated": "2025-04-25T22:34:30.728Z"}}, {"model": "main.parametersetground", "pk": 7, "fields": {"parameter_set": 2, "info": "Bridge South", "x": 3500, "y": 3500, "width": 1000, "height": 500, "tint": "0xFFFFFF", "texture": "bridge_tex", "rotation": "0.00", "scale": "1.00", "timestamp": "2025-04-25T22:34:30.730Z", "updated": "2025-04-25T22:34:30.732Z"}}, {"model": "main.parametersetground", "pk": 8, "fields": {"parameter_set": 2, "info": "Bridge West", "x": 3000, "y": 2500, "width": 500, "height": 1000, "tint": "0xFFFFFF", "texture": "bridge_tex", "rotation": "1.57", "scale": "1.00", "timestamp": "2025-04-25T22:34:30.734Z", "updated": "2025-04-25T22:34:30.736Z"}}, {"model": "main.session", "pk": 1, "fields": {"parameter_set": 2, "creator": 1, "title": "Sample", "start_date": "2025-04-25", "channel_key": "2be5cbf7-457c-4545-b6e2-9e9e80463fe6", "session_key": "250b4f93-6227-4ac4-93d8-98f54605f7bf", "id_string": "qagzwl", "controlling_channel": "specific.b18c37bb3a354ed7bd66d17f1b91ce31!7ff7d3c5fa9042aabbc20055be2bc5f1", "started": false, "shared": false, "locked": false, "invitation_text": "", "invitation_subject": "", "world_state": {"last_store": "2025-04-25T22:41:45.100"}, "replay_data": null, "website_instance_id": null, "soft_delete": false, "timestamp": "2025-04-25T22:33:42.061Z", "updated": "2025-04-25T22:41:39.034Z", "collaborators": []}}, {"model": "main.sessionplayer", "pk": 1, "fields": {"session": 1, "parameter_set_player": 1, "player_number": 1, "player_key": "6b7a3a25-d4bc-44ef-84b1-0e7df414c5a1", "connecting": false, "connected_count": 0, "name": "", "student_id": "", "email": null, "earnings": 0, "name_submitted": false, "current_instruction": 1, "current_instruction_complete": 0, "instructions_finished": false, "survey_complete": false, "timestamp": "2025-04-25T22:34:30.742Z", "updated": "2025-04-25T22:35:01.310Z"}}, {"model": "main.sessionplayer", "pk": 2, "fields": {"session": 1, "parameter_set_player": 2, "player_number": 2, "player_key": "b051cae4-b461-493a-a78f-e1d3cdd32cee", "connecting": false, "connected_count": 0, "name": "", "student_id": "", "email": null, "earnings": 0, "name_submitted": false, "current_instruction": 1, "current_instruction_complete": 0, "instructions_finished": false, "survey_complete": false, "timestamp": "2025-04-25T22:34:30.745Z", "updated": "2025-04-25T22:35:01.312Z"}}, {"model": "main.sessionplayer", "pk": 3, "fields": {"session": 1, "parameter_set_player": 3, "player_number": 3, "player_key": "9d45c210-cef1-4dcc-9e98-315d217c1191", "connecting": false, "connected_count": 0, "name": "", "student_id": "", "email": null, "earnings": 0, "name_submitted": false, "current_instruction": 1, "current_instruction_complete": 0, "instructions_finished": false, "survey_complete": false, "timestamp": "2025-04-25T22:34:30.747Z", "updated": "2025-04-25T22:35:01.315Z"}}, {"model": "main.sessionplayer", "pk": 4, "fields": {"session": 1, "parameter_set_player": 4, "player_number": 4, "player_key": "84284303-bd01-4a43-8310-5a364f6de07e", "connecting": false, "connected_count": 0, "name": "", "student_id": "", "email": null, "earnings": 0, "name_submitted": false, "current_instruction": 1, "current_instruction_complete": 0, "instructions_finished": false, "survey_complete": false, "timestamp": "2025-04-25T22:34:30.749Z", "updated": "2025-04-25T22:35:01.317Z"}}, {"model": "main.sessionplayer", "pk": 5, "fields": {"session": 1, "parameter_set_player": 5, "player_number": 5, "player_key": "1ccf3d97-43ee-4a4d-afea-a41a52ec361c", "connecting": false, "connected_count": 0, "name": "", "student_id": "", "email": null, "earnings": 0, "name_submitted": false, "current_instruction": 1, "current_instruction_complete": 0, "instructions_finished": false, "survey_complete": false, "timestamp": "2025-04-25T22:34:30.751Z", "updated": "2025-04-25T22:35:01.319Z"}}, {"model": "main.sessionplayer", "pk": 6, "fields": {"session": 1, "parameter_set_player": 6, "player_number": 6, "player_key": "22042747-88fa-4002-873c-49f6f68c72e2", "connecting": false, "connected_count": 0, "name": "", "student_id": "", "email": null, "earnings": 0, "name_submitted": false, "current_instruction": 1, "current_instruction_complete": 0, "instructions_finished": false, "survey_complete": false, "timestamp": "2025-04-25T22:34:30.754Z", "updated": "2025-04-25T22:35:01.322Z"}}, {"model": "main.sessionplayer", "pk": 7, "fields": {"session": 1, "parameter_set_player": 7, "player_number": 7, "player_key": "0aa05a2d-21a5-44ac-9d74-7c4daff28e64", "connecting": false, "connected_count": 0, "name": "", "student_id": "", "email": null, "earnings": 0, "name_submitted": false, "current_instruction": 1, "current_instruction_complete": 0, "instructions_finished": false, "survey_complete": false, "timestamp": "2025-04-25T22:34:30.757Z", "updated": "2025-04-25T22:35:01.324Z"}}, {"model": "main.sessionplayer", "pk": 8, "fields": {"session": 1, "parameter_set_player": 8, "player_number": 8, "player_key": "13303c08-0373-4b02-9741-24b07670f6db", "connecting": false, "connected_count": 0, "name": "", "student_id": "", "email": null, "earnings": 0, "name_submitted": false, "current_instruction": 1, "current_instruction_complete": 0, "instructions_finished": false, "survey_complete": false, "timestamp": "2025-04-25T22:34:30.758Z", "updated": "2025-04-25T22:35:01.326Z"}}, {"model": "main.sessionplayer", "pk": 9, "fields": {"session": 1, "parameter_set_player": 9, "player_number": 9, "player_key": "002eb5e4-2b23-4174-a95e-4be12b2c9e7b", "connecting": false, "connected_count": 0, "name": "", "student_id": "", "email": null, "earnings": 0, "name_submitted": false, "current_instruction": 1, "current_instruction_complete": 0, "instructions_finished": false, "survey_complete": false, "timestamp": "2025-04-25T22:34:30.760Z", "updated": "2025-04-25T22:35:01.328Z"}}, {"model": "main.sessionplayer", "pk": 10, "fields": {"session": 1, "parameter_set_player": 10, "player_number": 10, "player_key": "bd308fda-006a-46ca-a96b-50131903e547", "connecting": false, "connected_count": 0, "name": "", "student_id": "", "email": null, "earnings": 0, "name_submitted": false, "current_instruction": 1, "current_instruction_complete": 0, "instructions_finished": false, "survey_complete": false, "timestamp": "2025-04-25T22:34:30.762Z", "updated": "2025-04-25T22:35:01.331Z"}}, {"model": "main.sessionplayer", "pk": 11, "fields": {"session": 1, "parameter_set_player": 11, "player_number": 11, "player_key": "2e1d861c-2522-42ff-bea9-daa36815aecc", "connecting": false, "connected_count": 0, "name": "", "student_id": "", "email": null, "earnings": 0, "name_submitted": false, "current_instruction": 1, "current_instruction_complete": 0, "instructions_finished": false, "survey_complete": false, "timestamp": "2025-04-25T22:34:30.765Z", "updated": "2025-04-25T22:35:01.333Z"}}, {"model": "main.sessionplayer", "pk": 12, "fields": {"session": 1, "parameter_set_player": 12, "player_number": 12, "player_key": "c6ffdbaa-49ae-4a9c-82c4-65530452c933", "connecting": false, "connected_count": 0, "name": "", "student_id": "", "email": null, "earnings": 0, "name_submitted": false, "current_instruction": 1, "current_instruction_complete": 0, "instructions_finished": false, "survey_complete": false, "timestamp": "2025-04-25T22:34:30.767Z", "updated": "2025-04-25T22:35:01.335Z"}}, {"model": "main.sessionplayer", "pk": 13, "fields": {"session": 1, "parameter_set_player": 13, "player_number": 13, "player_key": "06b56b0b-3d60-430f-b64d-a36e9bf6a4f4", "connecting": false, "connected_count": 0, "name": "", "student_id": "", "email": null, "earnings": 0, "name_submitted": false, "current_instruction": 1, "current_instruction_complete": 0, "instructions_finished": false, "survey_complete": false, "timestamp": "2025-04-25T22:34:30.770Z", "updated": "2025-04-25T22:35:01.337Z"}}, {"model": "main.sessionplayer", "pk": 14, "fields": {"session": 1, "parameter_set_player": 14, "player_number": 14, "player_key": "5201253e-4a77-4afe-917d-824787c6c531", "connecting": false, "connected_count": 0, "name": "", "student_id": "", "email": null, "earnings": 0, "name_submitted": false, "current_instruction": 1, "current_instruction_complete": 0, "instructions_finished": false, "survey_complete": false, "timestamp": "2025-04-25T22:34:30.772Z", "updated": "2025-04-25T22:35:01.339Z"}}, {"model": "main.sessionplayer", "pk": 15, "fields": {"session": 1, "parameter_set_player": 15, "player_number": 15, "player_key": "ecf9701f-5d70-4210-9ae2-ed8fae351c9f", "connecting": false, "connected_count": 0, "name": "", "student_id": "", "email": null, "earnings": 0, "name_submitted": false, "current_instruction": 1, "current_instruction_complete": 0, "instructions_finished": false, "survey_complete": false, "timestamp": "2025-04-25T22:34:30.775Z", "updated": "2025-04-25T22:35:01.341Z"}}, {"model": "main.sessionplayer", "pk": 16, "fields": {"session": 1, "parameter_set_player": 16, "player_number": 16, "player_key": "1986bf99-4d38-49d0-aadd-c2d8461f71d3", "connecting": false, "connected_count": 0, "name": "", "student_id": "", "email": null, "earnings": 0, "name_submitted": false, "current_instruction": 1, "current_instruction_complete": 0, "instructions_finished": false, "survey_complete": false, "timestamp": "2025-04-25T22:34:30.777Z", "updated": "2025-04-25T22:35:01.343Z"}}]